﻿{
  "GlobalConfiguration": {
    "BaseUrl": "https://localhost:8888"
  },
  "Routes": [
    {
      "UpstreamPathTemplate": "/url",
      "UpstreamHttpMethod": [ "Post" ],
      "DownstreamPathTemplate": "/api/UrlShortener/shorten",
      "DownstreamScheme": "https",
      "DownstreamHostAndPorts": [
        {
          "Host": "localhost",
          "Port": 7104
        }
      ]
    },
    {
      "UpstreamPathTemplate": "/{shortUrl}",
      "UpstreamHttpMethod": [ "Get" ],
      "DownstreamPathTemplate": "/api/UrlShortener/{shortUrl}",
      "DownstreamScheme": "https",
      "DownstreamHostAndPorts": [
        {
          "Host": "localhost",
          "Port": 7104
        }
      ]
    },
    {
      "UpstreamPathTemplate": "/urls",
      "UpstreamHttpMethod": [ "Get" ],
      "DownstreamPathTemplate": "/api/UrlShortener/list",
      "DownstreamScheme": "https",
      "DownstreamHostAndPorts": [
        {
          "Host": "localhost",
          "Port": 7104
        }
      ]
    }
  ]
}
